Gilman_001,Succisa_pratensis
Gilman_002,Viburnum_luzonicum
Gilman_003,Valeriana_prionophylla
Gilman_004,Sambucus_cerulea
Gilman_005,Lonicera_henryi
Gilman_006,Viburnum_plicatum
Gilman_007,Centranthus_ruber
Gilman_008,Lonicera_xylosteum
Gilman_009,Lonicera_tatarica
Gilman_010,Symphoricarpos_occidentalis
Gilman_011,Lonicera_nigra
Gilman_012,Viburnum_rufidulum
Gilman_013,Sambucus_gaudichaudiana
Gilman_014,Valeriana_virescens
Gilman_015,Dipsacus_fullonum
Gilman_016,Succisella_inflexa
Gilman_017,Lonicera_fragrantissima
Gilman_018,Sambucus_ebulus
Gilman_019,Lonicera_pileata
Gilman_020,Viburnum_dentatum
Gilman_021,Linnaea_borealis
Gilman_022,Viburnum_clemensiae
Gilman_023,Scabiosa_columbaria
Gilman_024,Adoxa_moschatellina
Gilman_025,Patrinia_triloba
Gilman_026,Cephalaria_gigantea
Gilman_027,Plectritis_congesta
Gilman_028,Paracryphia_alticola
Gilman_029,Fedia_cornucopiae
Gilman_030,Lonicera_periclymenum
Gilman_031,Sambucus_pubens
Gilman_032,Sinadoxa_corydalifolia
Gilman_033,Viburnum_lantanoides
Gilman_034,Viburnum_sieboldii
Gilman_035,Scabiosa_mansenensis
Gilman_036,Pterocephalodes_hookeri
Gilman_037,Viburnum_acutifolium
Gilman_038,Valeriana_lapathifolia
Gilman_039,Triplostegia_glandulifera
Gilman_040,Lonicera_quinquelocularis
Gilman_041,Viburnum_jamesonii
Gilman_042,Lomelosia_albocinta
Gilman_043,Bassecoia_siamensis
Gilman_044,Valeriana_officinalis
Gilman_045,Dipelta_floribunda
Gilman_046,Viburnum_cinnamomifolium
Gilman_047,Valeriana_supina
Gilman_048,Viburnum_coriaceum
Gilman_049,Diabelia_tetrasepala
Gilman_050,Morina_longifolia
Gilman_051,Heptacodium_miconioides
Gilman_052,Knautia_macedonica
Gilman_053,Kolkwitzia_amabilis
Gilman_054,Lonicera_maackii
Gilman_055,Acanthocalyx_nepalensis_ssp_delevaya
Gilman_056,Leycesteria_formosa
Gilman_057,Sixalix_farinosa
Gilman_058,Viburnum_lutescens
Gilman_059,Lonicera_alpigena
Gilman_060,Lonicera_caerulea
Gilman_061,Vesalea_coriacea
Gilman_062,Lonicera_floribunda
Gilman_063,Lonicera_ferdinandi
Gilman_064,Valeriana_pyrenaica
Gilman_065,Symphoricarpos_sinensis
Gilman_066,Abelia_uniflora
Gilman_067,Viburnum_amplificatum
Gilman_068,Viburnum_rhytidophyllum
Gilman_069,Zabelia_tyaihyonii
Gilman_070,Lonicera_standishii
Gilman_071,Valerianella_locusta
Gilman_072,Valeriana_microphylla
Gilman_073,Pterocephalus_canus
Gilman_074,Weigela_florida
Gilman_075,Viburnum_orientale
Gilman_076,Ilex_crenata
Gilman_077,Zabelia_dielsii
Gilman_078,Pterocephalus_sanctus
Gilman_079,Valeriana_laxiflora
Gilman_080,Valeriana_tuberosa
Gilman_081,Triosteum_himalayanum
Gilman_082,Valeriana_celtica
Gilman_083,Tetradoxa_omeiensis
Gilman_084,Diervilla_sessilifolia
Gilman_085,Lonicera_orientalis
Gilman_086,Nardostachys_jatamansi
Gilman_087,Valeriana_lobata
Gilman_088,Viburnum_punctatum
Gilman_089,Viburnum_sargentii
Gilman_090,Lonicera_gynochlamydea
Gilman_091,Viburnum_taiwanianum
Gilman_092,Viburnum_vernicosum
Gilman_093,Valeriana_wallrothii
Gilman_094,Valeriana_polemoniifolia
Gilman_095,Knautia_dipsacifolia
Gilman_096,Cryptothladia_kokonorica
